_id,protocol,hpfeed_id,timestamp,source_ip,destination_ip,identifier,honeypot
ObjectId(5e86e20d3186f20651141660),ICMP,ObjectId(5e86e2073186f206511411e4),2020-04-03T07:13:11.166Z,52.118.194.42,192.168.3.25,a759e75c-5ba0-11ea-b2d9-d05349cc2225,suricata
ObjectId(5e86e20d3186f2065114165d),ICMP,ObjectId(5e86e2073186f206511411e7),2020-04-03T07:13:11.179Z,147.1.112.111,192.168.3.25,a759e75c-5ba0-11ea-b2d9-d05349cc2225,suricata
ObjectId(5e86e20d3186f2065114165a),ICMP,ObjectId(5e86e2073186f206511411e9),2020-04-03T07:13:11.184Z,218.191.64.241,192.168.3.25,a759e75c-5ba0-11ea-b2d9-d05349cc2225,suricata
ObjectId(5e86e20d3186f20651141656),ICMP,ObjectId(5e86e2073186f206511411ec),2020-04-03T07:13:11.203Z,183.242.253.62,192.168.3.25,a759e75c-5ba0-11ea-b2d9-d05349cc2225,suricata
ObjectId(5e86e20d3186f20651141653),ICMP,ObjectId(5e86e2073186f206511411ee),2020-04-03T07:13:11.208Z,222.109.212.6,192.168.3.25,a759e75c-5ba0-11ea-b2d9-d05349cc2225,suricata
ObjectId(5e86e20d3186f20651141650),ICMP,ObjectId(5e86e2073186f206511411f0),2020-04-03T07:13:11.231Z,52.174.148.140,192.168.3.25,a759e75c-5ba0-11ea-b2d9-d05349cc2225,suricata
ObjectId(5e86e20d3186f2065114164c),ICMP,ObjectId(5e86e2073186f206511411f3),2020-04-03T07:13:11.240Z,44.190.217.139,192.168.3.25,a759e75c-5ba0-11ea-b2d9-d05349cc2225,suricata
ObjectId(5e86e20d3186f20651141649),ICMP,ObjectId(5e86e2073186f206511411f5),2020-04-03T07:13:11.257Z,193.79.138.128,192.168.3.25,a759e75c-5ba0-11ea-b2d9-d05349cc2225,suricata
ObjectId(5e86e20d3186f20651141646),ICMP,ObjectId(5e86e2073186f206511411f8),2020-04-03T07:13:11.268Z,239.199.45.17,192.168.3.25,a759e75c-5ba0-11ea-b2d9-d05349cc2225,suricata
ObjectId(5e86e20c3186f20651141644),ICMP,ObjectId(5e86e2073186f206511411fa),2020-04-03T07:13:11.281Z,233.14.25.230,192.168.3.25,a759e75c-5ba0-11ea-b2d9-d05349cc2225,suricata
ObjectId(5e86e20c3186f2065114163f),ICMP,ObjectId(5e86e2073186f206511411fd),2020-04-03T07:13:11.294Z,137.53.220.16,192.168.3.25,a759e75c-5ba0-11ea-b2d9-d05349cc2225,suricata
ObjectId(5e86e20c3186f2065114163a),ICMP,ObjectId(5e86e2073186f206511411ff),2020-04-03T07:13:11.303Z,42.116.28.189,192.168.3.25,a759e75c-5ba0-11ea-b2d9-d05349cc2225,suricata
ObjectId(5e86e20c3186f20651141635),ICMP,ObjectId(5e86e2073186f20651141202),2020-04-03T07:13:11.315Z,199.227.166.63,192.168.3.25,a759e75c-5ba0-11ea-b2d9-d05349cc2225,suricata
ObjectId(5e86e20c3186f20651141630),ICMP,ObjectId(5e86e2073186f20651141204),2020-04-03T07:13:11.320Z,4.60.142.81,192.168.3.25,a759e75c-5ba0-11ea-b2d9-d05349cc2225,suricata
ObjectId(5e86e20c3186f2065114162a),ICMP,ObjectId(5e86e2073186f20651141206),2020-04-03T07:13:11.348Z,55.244.175.189,192.168.3.25,a759e75c-5ba0-11ea-b2d9-d05349cc2225,suricata
ObjectId(5e86e20c3186f20651141628),ICMP,ObjectId(5e86e2073186f20651141208),2020-04-03T07:13:11.359Z,122.249.149.63,192.168.3.25,a759e75c-5ba0-11ea-b2d9-d05349cc2225,suricata
ObjectId(5e86e20c3186f20651141626),ICMP,ObjectId(5e86e2073186f2065114120b),2020-04-03T07:13:11.376Z,213.74.162.95,192.168.3.25,a759e75c-5ba0-11ea-b2d9-d05349cc2225,suricata
ObjectId(5e86e20c3186f20651141621),ICMP,ObjectId(5e86e2073186f2065114120e),2020-04-03T07:13:11.406Z,64.11.102.21,192.168.3.25,a759e75c-5ba0-11ea-b2d9-d05349cc2225,suricata
ObjectId(5e86e20c3186f2065114161e),ICMP,ObjectId(5e86e2073186f2065114120f),2020-04-03T07:13:11.430Z,7.245.160.174,192.168.3.25,a759e75c-5ba0-11ea-b2d9-d05349cc2225,suricata
ObjectId(5e86e20c3186f2065114161b),ICMP,ObjectId(5e86e2073186f20651141212),2020-04-03T07:13:11.458Z,51.48.132.24,192.168.3.25,a759e75c-5ba0-11ea-b2d9-d05349cc2225,suricata
ObjectId(5e86e20c3186f20651141617),ICMP,ObjectId(5e86e2073186f20651141215),2020-04-03T07:13:11.479Z,111.16.100.38,192.168.3.25,a759e75c-5ba0-11ea-b2d9-d05349cc2225,suricata
ObjectId(5e86e20c3186f20651141612),ICMP,ObjectId(5e86e2073186f20651141217),2020-04-03T07:13:11.508Z,147.69.163.160,192.168.3.25,a759e75c-5ba0-11ea-b2d9-d05349cc2225,suricata
ObjectId(5e86e20c3186f2065114160d),ICMP,ObjectId(5e86e2073186f2065114121a),2020-04-03T07:13:11.535Z,94.1.35.72,192.168.3.25,a759e75c-5ba0-11ea-b2d9-d05349cc2225,suricata
ObjectId(5e86e20c3186f20651141608),ICMP,ObjectId(5e86e2073186f2065114121c),2020-04-03T07:13:11.550Z,24.36.83.213,192.168.3.25,a759e75c-5ba0-11ea-b2d9-d05349cc2225,suricata
ObjectId(5e86e20c3186f20651141603),ICMP,ObjectId(5e86e2073186f2065114121f),2020-04-03T07:13:11.573Z,201.232.19.64,192.168.3.25,a759e75c-5ba0-11ea-b2d9-d05349cc2225,suricata
ObjectId(5e86e20c3186f206511415fe),ICMP,ObjectId(5e86e2073186f20651141221),2020-04-03T07:13:11.601Z,157.160.127.169,192.168.3.25,a759e75c-5ba0-11ea-b2d9-d05349cc2225,suricata
ObjectId(5e86e20c3186f206511415f9),ICMP,ObjectId(5e86e2073186f20651141224),2020-04-03T07:13:11.620Z,94.184.235.238,192.168.3.25,a759e75c-5ba0-11ea-b2d9-d05349cc2225,suricata
ObjectId(5e86e20c3186f206511415f4),ICMP,ObjectId(5e86e2073186f20651141227),2020-04-03T07:13:11.651Z,149.188.15.90,192.168.3.25,a759e75c-5ba0-11ea-b2d9-d05349cc2225,suricata
ObjectId(5e86e20c3186f206511415ef),ICMP,ObjectId(5e86e2073186f20651141228),2020-04-03T07:13:11.666Z,8.37.54.233,192.168.3.25,a759e75c-5ba0-11ea-b2d9-d05349cc2225,suricata
ObjectId(5e86e20c3186f206511415ea),ICMP,ObjectId(5e86e2073186f2065114122b),2020-04-03T07:13:11.693Z,141.51.198.203,192.168.3.25,a759e75c-5ba0-11ea-b2d9-d05349cc2225,suricata
ObjectId(5e86e20c3186f206511415e5),ICMP,ObjectId(5e86e2073186f2065114122e),2020-04-03T07:13:11.713Z,214.152.67.44,192.168.3.25,a759e75c-5ba0-11ea-b2d9-d05349cc2225,suricata
ObjectId(5e86e20c3186f206511415e0),ICMP,ObjectId(5e86e2073186f20651141231),2020-04-03T07:13:11.740Z,186.142.111.178,192.168.3.25,a759e75c-5ba0-11ea-b2d9-d05349cc2225,suricata
ObjectId(5e86e20c3186f206511415db),ICMP,ObjectId(5e86e2073186f20651141233),2020-04-03T07:13:11.750Z,70.87.247.132,192.168.3.25,a759e75c-5ba0-11ea-b2d9-d05349cc2225,suricata
ObjectId(5e86e20c3186f206511415d6),ICMP,ObjectId(5e86e2073186f20651141236),2020-04-03T07:13:11.777Z,234.93.243.77,192.168.3.25,a759e75c-5ba0-11ea-b2d9-d05349cc2225,suricata
ObjectId(5e86e20c3186f206511415d1),ICMP,ObjectId(5e86e2073186f20651141238),2020-04-03T07:13:11.790Z,4.219.72.179,192.168.3.25,a759e75c-5ba0-11ea-b2d9-d05349cc2225,suricata
ObjectId(5e86e20c3186f206511415cc),ICMP,ObjectId(5e86e2073186f2065114123b),2020-04-03T07:13:11.816Z,110.248.93.75,192.168.3.25,a759e75c-5ba0-11ea-b2d9-d05349cc2225,suricata
ObjectId(5e86e20c3186f206511415c7),ICMP,ObjectId(5e86e2073186f2065114123e),2020-04-03T07:13:11.839Z,93.79.62.78,192.168.3.25,a759e75c-5ba0-11ea-b2d9-d05349cc2225,suricata
ObjectId(5e86e20c3186f206511415c2),ICMP,ObjectId(5e86e2073186f2065114123f),2020-04-03T07:13:11.854Z,53.128.102.19,192.168.3.25,a759e75c-5ba0-11ea-b2d9-d05349cc2225,suricata
ObjectId(5e86e20c3186f206511415bd),ICMP,ObjectId(5e86e2073186f20651141242),2020-04-03T07:13:11.880Z,63.118.169.172,192.168.3.25,a759e75c-5ba0-11ea-b2d9-d05349cc2225,suricata
ObjectId(5e86e20c3186f206511415b8),ICMP,ObjectId(5e86e2073186f20651141245),2020-04-03T07:13:11.898Z,128.104.208.30,192.168.3.25,a759e75c-5ba0-11ea-b2d9-d05349cc2225,suricata
ObjectId(5e86e20c3186f206511415b3),ICMP,ObjectId(5e86e2073186f20651141247),2020-04-03T07:13:11.935Z,199.183.80.236,192.168.3.25,a759e75c-5ba0-11ea-b2d9-d05349cc2225,suricata
ObjectId(5e86e20c3186f206511415ae),ICMP,ObjectId(5e86e2073186f2065114124a),2020-04-03T07:13:11.947Z,187.200.110.47,192.168.3.25,a759e75c-5ba0-11ea-b2d9-d05349cc2225,suricata
ObjectId(5e86e20c3186f206511415a9),ICMP,ObjectId(5e86e2073186f2065114124c),2020-04-03T07:13:11.965Z,223.4.255.77,192.168.3.25,a759e75c-5ba0-11ea-b2d9-d05349cc2225,suricata
ObjectId(5e86e20c3186f206511415a4),ICMP,ObjectId(5e86e2073186f2065114124f),2020-04-03T07:13:11.993Z,207.245.99.1,192.168.3.25,a759e75c-5ba0-11ea-b2d9-d05349cc2225,suricata
ObjectId(5e86e20c3186f2065114159f),ICMP,ObjectId(5e86e2083186f20651141251),2020-04-03T07:13:12.023Z,130.157.104.175,192.168.3.25,a759e75c-5ba0-11ea-b2d9-d05349cc2225,suricata
ObjectId(5e86e20c3186f2065114159a),ICMP,ObjectId(5e86e2083186f20651141254),2020-04-03T07:13:12.039Z,205.4.145.205,192.168.3.25,a759e75c-5ba0-11ea-b2d9-d05349cc2225,suricata
ObjectId(5e86e20c3186f20651141595),ICMP,ObjectId(5e86e2083186f20651141257),2020-04-03T07:13:12.074Z,245.110.252.167,192.168.3.25,a759e75c-5ba0-11ea-b2d9-d05349cc2225,suricata
ObjectId(5e86e20c3186f20651141590),ICMP,ObjectId(5e86e2083186f20651141258),2020-04-03T07:13:12.102Z,217.78.105.168,192.168.3.25,a759e75c-5ba0-11ea-b2d9-d05349cc2225,suricata
ObjectId(5e86e20c3186f2065114158b),ICMP,ObjectId(5e86e2083186f2065114125b),2020-04-03T07:13:12.132Z,4.52.52.15,192.168.3.25,a759e75c-5ba0-11ea-b2d9-d05349cc2225,suricata
ObjectId(5e86e20c3186f20651141586),ICMP,ObjectId(5e86e2083186f2065114125e),2020-04-03T07:13:12.147Z,116.231.32.113,192.168.3.25,a759e75c-5ba0-11ea-b2d9-d05349cc2225,suricata
ObjectId(5e86e20c3186f20651141581),ICMP,ObjectId(5e86e2083186f20651141260),2020-04-03T07:13:12.177Z,70.192.206.26,192.168.3.25,a759e75c-5ba0-11ea-b2d9-d05349cc2225,suricata
ObjectId(5e86e20c3186f2065114157c),ICMP,ObjectId(5e86e2083186f20651141263),2020-04-03T07:13:12.207Z,71.77.157.54,192.168.3.25,a759e75c-5ba0-11ea-b2d9-d05349cc2225,suricata
ObjectId(5e86e20c3186f20651141577),ICMP,ObjectId(5e86e2083186f20651141265),2020-04-03T07:13:12.218Z,228.58.181.205,192.168.3.25,a759e75c-5ba0-11ea-b2d9-d05349cc2225,suricata
ObjectId(5e86e20c3186f20651141572),ICMP,ObjectId(5e86e2083186f20651141268),2020-04-03T07:13:12.234Z,217.39.196.253,192.168.3.25,a759e75c-5ba0-11ea-b2d9-d05349cc2225,suricata
ObjectId(5e86e20c3186f2065114156d),ICMP,ObjectId(5e86e2083186f2065114126a),2020-04-03T07:13:12.241Z,184.77.204.119,192.168.3.25,a759e75c-5ba0-11ea-b2d9-d05349cc2225,suricata
ObjectId(5e86e20c3186f20651141568),ICMP,ObjectId(5e86e2083186f2065114126d),2020-04-03T07:13:12.258Z,36.106.124.61,192.168.3.25,a759e75c-5ba0-11ea-b2d9-d05349cc2225,suricata
ObjectId(5e86e20c3186f20651141563),ICMP,ObjectId(5e86e2083186f20651141270),2020-04-03T07:13:12.274Z,131.250.166.215,192.168.3.25,a759e75c-5ba0-11ea-b2d9-d05349cc2225,suricata
ObjectId(5e86e20c3186f2065114155e),ICMP,ObjectId(5e86e2083186f20651141271),2020-04-03T07:13:12.279Z,223.155.63.212,192.168.3.25,a759e75c-5ba0-11ea-b2d9-d05349cc2225,suricata
ObjectId(5e86e20c3186f20651141559),ICMP,ObjectId(5e86e2083186f20651141274),2020-04-03T07:13:12.291Z,8.38.255.52,192.168.3.25,a759e75c-5ba0-11ea-b2d9-d05349cc2225,suricata
ObjectId(5e86e20c3186f20651141554),ICMP,ObjectId(5e86e2083186f20651141277),2020-04-03T07:13:12.303Z,178.60.246.45,192.168.3.25,a759e75c-5ba0-11ea-b2d9-d05349cc2225,suricata
ObjectId(5e86e20c3186f2065114154f),ICMP,ObjectId(5e86e2083186f20651141279),2020-04-03T07:13:12.318Z,31.148.113.101,192.168.3.25,a759e75c-5ba0-11ea-b2d9-d05349cc2225,suricata
ObjectId(5e86e20c3186f2065114154a),ICMP,ObjectId(5e86e2083186f2065114127c),2020-04-03T07:13:12.334Z,54.114.160.243,192.168.3.25,a759e75c-5ba0-11ea-b2d9-d05349cc2225,suricata
ObjectId(5e86e20c3186f20651141545),ICMP,ObjectId(5e86e2083186f2065114127e),2020-04-03T07:13:12.339Z,176.47.175.151,192.168.3.25,a759e75c-5ba0-11ea-b2d9-d05349cc2225,suricata
ObjectId(5e86e20c3186f20651141540),ICMP,ObjectId(5e86e2083186f20651141281),2020-04-03T07:13:12.354Z,4.161.25.154,192.168.3.25,a759e75c-5ba0-11ea-b2d9-d05349cc2225,suricata
ObjectId(5e86e20c3186f2065114153b),ICMP,ObjectId(5e86e2083186f20651141283),2020-04-03T07:13:12.365Z,135.253.50.55,192.168.3.25,a759e75c-5ba0-11ea-b2d9-d05349cc2225,suricata
ObjectId(5e86e20c3186f20651141537),ICMP,ObjectId(5e86e2083186f20651141286),2020-04-03T07:13:12.377Z,148.161.78.196,192.168.3.25,a759e75c-5ba0-11ea-b2d9-d05349cc2225,suricata
ObjectId(5e86e20c3186f20651141534),ICMP,ObjectId(5e86e2083186f20651141289),2020-04-03T07:13:12.399Z,132.210.45.92,192.168.3.25,a759e75c-5ba0-11ea-b2d9-d05349cc2225,suricata
ObjectId(5e86e20c3186f20651141533),ICMP,ObjectId(5e86e2083186f2065114128a),2020-04-03T07:13:12.442Z,166.221.232.3,192.168.3.25,a759e75c-5ba0-11ea-b2d9-d05349cc2225,suricata
ObjectId(5e86e20c3186f20651141532),ICMP,ObjectId(5e86e2083186f2065114128d),2020-04-03T07:13:12.478Z,57.110.196.96,192.168.3.25,a759e75c-5ba0-11ea-b2d9-d05349cc2225,suricata
ObjectId(5e86e20c3186f2065114152f),ICMP,ObjectId(5e86e2083186f20651141290),2020-04-03T07:13:12.491Z,103.215.105.106,192.168.3.25,a759e75c-5ba0-11ea-b2d9-d05349cc2225,suricata
ObjectId(5e86e20c3186f2065114152e),ICMP,ObjectId(5e86e2083186f20651141292),2020-04-03T07:13:12.504Z,139.148.100.226,192.168.3.25,a759e75c-5ba0-11ea-b2d9-d05349cc2225,suricata
ObjectId(5e86e20b3186f2065114152d),ICMP,ObjectId(5e86e2083186f20651141295),2020-04-03T07:13:12.519Z,233.57.100.137,192.168.3.25,a759e75c-5ba0-11ea-b2d9-d05349cc2225,suricata
ObjectId(5e86e20b3186f2065114152a),ICMP,ObjectId(5e86e2083186f20651141297),2020-04-03T07:13:12.531Z,81.174.130.88,192.168.3.25,a759e75c-5ba0-11ea-b2d9-d05349cc2225,suricata
ObjectId(5e86e20b3186f20651141529),ICMP,ObjectId(5e86e2083186f2065114129a),2020-04-03T07:13:12.544Z,146.251.136.142,192.168.3.25,a759e75c-5ba0-11ea-b2d9-d05349cc2225,suricata
ObjectId(5e86e20b3186f20651141528),ICMP,ObjectId(5e86e2083186f2065114129c),2020-04-03T07:13:12.555Z,126.125.183.44,192.168.3.25,a759e75c-5ba0-11ea-b2d9-d05349cc2225,suricata
ObjectId(5e86e20b3186f20651141525),ICMP,ObjectId(5e86e2083186f2065114129f),2020-04-03T07:13:12.567Z,181.167.63.69,192.168.3.25,a759e75c-5ba0-11ea-b2d9-d05349cc2225,suricata
ObjectId(5e86e20b3186f20651141524),ICMP,ObjectId(5e86e2083186f206511412a1),2020-04-03T07:13:12.582Z,181.156.30.104,192.168.3.25,a759e75c-5ba0-11ea-b2d9-d05349cc2225,suricata
ObjectId(5e86e20b3186f20651141523),ICMP,ObjectId(5e86e2083186f206511412a4),2020-04-03T07:13:12.596Z,223.121.85.77,192.168.3.25,a759e75c-5ba0-11ea-b2d9-d05349cc2225,suricata
ObjectId(5e86e20b3186f20651141520),ICMP,ObjectId(5e86e2083186f206511412a5),2020-04-03T07:13:12.601Z,82.130.106.118,192.168.3.25,a759e75c-5ba0-11ea-b2d9-d05349cc2225,suricata
ObjectId(5e86e20b3186f2065114151f),ICMP,ObjectId(5e86e2083186f206511412a8),2020-04-03T07:13:12.613Z,136.140.120.36,192.168.3.25,a759e75c-5ba0-11ea-b2d9-d05349cc2225,suricata
ObjectId(5e86e20b3186f2065114151e),ICMP,ObjectId(5e86e2083186f206511412ab),2020-04-03T07:13:12.625Z,152.9.120.32,192.168.3.25,a759e75c-5ba0-11ea-b2d9-d05349cc2225,suricata
ObjectId(5e86e20b3186f2065114151b),ICMP,ObjectId(5e86e2083186f206511412ad),2020-04-03T07:13:12.641Z,82.23.51.22,192.168.3.25,a759e75c-5ba0-11ea-b2d9-d05349cc2225,suricata
ObjectId(5e86e20b3186f2065114151a),ICMP,ObjectId(5e86e2083186f206511412b0),2020-04-03T07:13:12.659Z,98.137.190.152,192.168.3.25,a759e75c-5ba0-11ea-b2d9-d05349cc2225,suricata
ObjectId(5e86e20b3186f20651141519),ICMP,ObjectId(5e86e2083186f206511412b2),2020-04-03T07:13:12.663Z,35.180.251.16,192.168.3.25,a759e75c-5ba0-11ea-b2d9-d05349cc2225,suricata
ObjectId(5e86e20b3186f20651141516),ICMP,ObjectId(5e86e2083186f206511412b5),2020-04-03T07:13:12.674Z,137.37.206.49,192.168.3.25,a759e75c-5ba0-11ea-b2d9-d05349cc2225,suricata
ObjectId(5e86e20b3186f20651141515),ICMP,ObjectId(5e86e2083186f206511412b7),2020-04-03T07:13:12.689Z,104.97.172.1,192.168.3.25,a759e75c-5ba0-11ea-b2d9-d05349cc2225,suricata
ObjectId(5e86e20b3186f20651141514),ICMP,ObjectId(5e86e2083186f206511412ba),2020-04-03T07:13:12.696Z,24.63.183.154,192.168.3.25,a759e75c-5ba0-11ea-b2d9-d05349cc2225,suricata
ObjectId(5e86e20b3186f20651141511),ICMP,ObjectId(5e86e2083186f206511412bd),2020-04-03T07:13:12.711Z,198.203.176.179,192.168.3.25,a759e75c-5ba0-11ea-b2d9-d05349cc2225,suricata
ObjectId(5e86e20b3186f20651141510),ICMP,ObjectId(5e86e2083186f206511412be),2020-04-03T07:13:12.721Z,157.201.31.241,192.168.3.25,a759e75c-5ba0-11ea-b2d9-d05349cc2225,suricata
ObjectId(5e86e20b3186f2065114150f),ICMP,ObjectId(5e86e2083186f206511412c1),2020-04-03T07:13:12.734Z,158.251.102.241,192.168.3.25,a759e75c-5ba0-11ea-b2d9-d05349cc2225,suricata
ObjectId(5e86e20b3186f2065114150c),ICMP,ObjectId(5e86e2083186f206511412c4),2020-04-03T07:13:12.745Z,168.203.61.151,192.168.3.25,a759e75c-5ba0-11ea-b2d9-d05349cc2225,suricata
ObjectId(5e86e20b3186f2065114150b),ICMP,ObjectId(5e86e2083186f206511412c6),2020-04-03T07:13:12.763Z,145.170.148.231,192.168.3.25,a759e75c-5ba0-11ea-b2d9-d05349cc2225,suricata
ObjectId(5e86e20b3186f2065114150a),ICMP,ObjectId(5e86e2083186f206511412c9),2020-04-03T07:13:12.774Z,188.115.55.126,192.168.3.25,a759e75c-5ba0-11ea-b2d9-d05349cc2225,suricata
ObjectId(5e86e20b3186f20651141507),ICMP,ObjectId(5e86e2083186f206511412cb),2020-04-03T07:13:12.786Z,51.84.124.111,192.168.3.25,a759e75c-5ba0-11ea-b2d9-d05349cc2225,suricata
ObjectId(5e86e20b3186f20651141506),ICMP,ObjectId(5e86e2083186f206511412ce),2020-04-03T07:13:12.798Z,29.95.131.121,192.168.3.25,a759e75c-5ba0-11ea-b2d9-d05349cc2225,suricata
ObjectId(5e86e20b3186f20651141505),ICMP,ObjectId(5e86e2083186f206511412d0),2020-04-03T07:13:12.812Z,235.28.199.211,192.168.3.25,a759e75c-5ba0-11ea-b2d9-d05349cc2225,suricata
ObjectId(5e86e20b3186f20651141502),ICMP,ObjectId(5e86e2083186f206511412d3),2020-04-03T07:13:12.831Z,78.123.214.225,192.168.3.25,a759e75c-5ba0-11ea-b2d9-d05349cc2225,suricata
ObjectId(5e86e20b3186f20651141501),ICMP,ObjectId(5e86e2083186f206511412d6),2020-04-03T07:13:12.840Z,96.153.226.102,192.168.3.25,a759e75c-5ba0-11ea-b2d9-d05349cc2225,suricata
ObjectId(5e86e20b3186f20651141500),ICMP,ObjectId(5e86e2083186f206511412d7),2020-04-03T07:13:12.850Z,90.37.152.219,192.168.3.25,a759e75c-5ba0-11ea-b2d9-d05349cc2225,suricata
ObjectId(5e86e20b3186f206511414fd),ICMP,ObjectId(5e86e2083186f206511412da),2020-04-03T07:13:12.871Z,134.234.106.166,192.168.3.25,a759e75c-5ba0-11ea-b2d9-d05349cc2225,suricata
ObjectId(5e86e20b3186f206511414fc),ICMP,ObjectId(5e86e2083186f206511412dd),2020-04-03T07:13:12.878Z,4.10.216.244,192.168.3.25,a759e75c-5ba0-11ea-b2d9-d05349cc2225,suricata
ObjectId(5e86e20b3186f206511414fb),ICMP,ObjectId(5e86e2083186f206511412df),2020-04-03T07:13:12.893Z,156.189.244.49,192.168.3.25,a759e75c-5ba0-11ea-b2d9-d05349cc2225,suricata
ObjectId(5e86e20b3186f206511414f8),ICMP,ObjectId(5e86e2083186f206511412e2),2020-04-03T07:13:12.899Z,207.167.164.138,192.168.3.25,a759e75c-5ba0-11ea-b2d9-d05349cc2225,suricata
ObjectId(5e86e20b3186f206511414f7),ICMP,ObjectId(5e86e2083186f206511412e4),2020-04-03T07:13:12.910Z,139.159.121.202,192.168.3.25,a759e75c-5ba0-11ea-b2d9-d05349cc2225,suricata
ObjectId(5e86e20b3186f206511414f6),ICMP,ObjectId(5e86e2083186f206511412e7),2020-04-03T07:13:12.952Z,155.98.153.217,192.168.3.25,a759e75c-5ba0-11ea-b2d9-d05349cc2225,suricata
ObjectId(5e86e20b3186f206511414f3),ICMP,ObjectId(5e86e2083186f206511412e9),2020-04-03T07:13:12.979Z,159.67.24.180,192.168.3.25,a759e75c-5ba0-11ea-b2d9-d05349cc2225,suricata
ObjectId(5e86e20b3186f206511414f2),ICMP,ObjectId(5e86e2083186f206511412ec),2020-04-03T07:13:12.990Z,158.100.233.190,192.168.3.25,a759e75c-5ba0-11ea-b2d9-d05349cc2225,suricata
ObjectId(5e86e20b3186f206511414f1),ICMP,ObjectId(5e86e2093186f206511412ef),2020-04-03T07:13:13.006Z,62.211.248.49,192.168.3.25,a759e75c-5ba0-11ea-b2d9-d05349cc2225,suricata
ObjectId(5e86e20b3186f206511414ee),ICMP,ObjectId(5e86e2093186f206511412f0),2020-04-03T07:13:13.014Z,116.174.254.173,192.168.3.25,a759e75c-5ba0-11ea-b2d9-d05349cc2225,suricata
ObjectId(5e86e20b3186f206511414ed),ICMP,ObjectId(5e86e2093186f206511412f3),2020-04-03T07:13:13.027Z,191.15.172.129,192.168.3.25,a759e75c-5ba0-11ea-b2d9-d05349cc2225,suricata
ObjectId(5e86e20b3186f206511414ec),ICMP,ObjectId(5e86e2093186f206511412f6),2020-04-03T07:13:13.044Z,75.175.81.241,192.168.3.25,a759e75c-5ba0-11ea-b2d9-d05349cc2225,suricata
ObjectId(5e86e20b3186f206511414e9),ICMP,ObjectId(5e86e2093186f206511412f8),2020-04-03T07:13:13.053Z,164.115.143.162,192.168.3.25,a759e75c-5ba0-11ea-b2d9-d05349cc2225,suricata
ObjectId(5e86e20b3186f206511414e8),ICMP,ObjectId(5e86e2093186f206511412fb),2020-04-03T07:13:13.067Z,181.64.93.10,192.168.3.25,a759e75c-5ba0-11ea-b2d9-d05349cc2225,suricata
ObjectId(5e86e20b3186f206511414e7),ICMP,ObjectId(5e86e2093186f206511412fd),2020-04-03T07:13:13.078Z,130.164.249.144,192.168.3.25,a759e75c-5ba0-11ea-b2d9-d05349cc2225,suricata
ObjectId(5e86e20b3186f206511414e4),ICMP,ObjectId(5e86e2093186f20651141300),2020-04-03T07:13:13.098Z,237.35.219.126,192.168.3.25,a759e75c-5ba0-11ea-b2d9-d05349cc2225,suricata
ObjectId(5e86e20b3186f206511414e3),ICMP,ObjectId(5e86e2093186f20651141302),2020-04-03T07:13:13.104Z,242.255.85.122,192.168.3.25,a759e75c-5ba0-11ea-b2d9-d05349cc2225,suricata
ObjectId(5e86e20b3186f206511414e2),ICMP,ObjectId(5e86e2093186f20651141305),2020-04-03T07:13:13.120Z,131.136.233.145,192.168.3.25,a759e75c-5ba0-11ea-b2d9-d05349cc2225,suricata
ObjectId(5e86e20b3186f206511414df),ICMP,ObjectId(5e86e2093186f20651141308),2020-04-03T07:13:13.131Z,6.237.60.99,192.168.3.25,a759e75c-5ba0-11ea-b2d9-d05349cc2225,suricata
ObjectId(5e86e20b3186f206511414de),ICMP,ObjectId(5e86e2093186f20651141309),2020-04-03T07:13:13.138Z,49.243.127.217,192.168.3.25,a759e75c-5ba0-11ea-b2d9-d05349cc2225,suricata
ObjectId(5e86e20b3186f206511414dd),ICMP,ObjectId(5e86e2093186f2065114130c),2020-04-03T07:13:13.150Z,222.97.175.244,192.168.3.25,a759e75c-5ba0-11ea-b2d9-d05349cc2225,suricata
ObjectId(5e86e20b3186f206511414da),ICMP,ObjectId(5e86e2093186f2065114130f),2020-04-03T07:13:13.172Z,214.57.223.14,192.168.3.25,a759e75c-5ba0-11ea-b2d9-d05349cc2225,suricata
ObjectId(5e86e20b3186f206511414d9),ICMP,ObjectId(5e86e2093186f20651141311),2020-04-03T07:13:13.178Z,83.244.19.85,192.168.3.25,a759e75c-5ba0-11ea-b2d9-d05349cc2225,suricata
ObjectId(5e86e20b3186f206511414d8),ICMP,ObjectId(5e86e2093186f20651141314),2020-04-03T07:13:13.191Z,218.246.61.182,192.168.3.25,a759e75c-5ba0-11ea-b2d9-d05349cc2225,suricata
ObjectId(5e86e20b3186f206511414d5),ICMP,ObjectId(5e86e2093186f20651141316),2020-04-03T07:13:13.195Z,79.130.142.83,192.168.3.25,a759e75c-5ba0-11ea-b2d9-d05349cc2225,suricata
ObjectId(5e86e20b3186f206511414d4),ICMP,ObjectId(5e86e2093186f20651141319),2020-04-03T07:13:13.207Z,121.3.207.111,192.168.3.25,a759e75c-5ba0-11ea-b2d9-d05349cc2225,suricata
ObjectId(5e86e20b3186f206511414d3),ICMP,ObjectId(5e86e2093186f2065114131b),2020-04-03T07:13:13.225Z,173.23.135.63,192.168.3.25,a759e75c-5ba0-11ea-b2d9-d05349cc2225,suricata
ObjectId(5e86e20b3186f206511414d0),ICMP,ObjectId(5e86e2093186f2065114131e),2020-04-03T07:13:13.230Z,182.66.132.87,192.168.3.25,a759e75c-5ba0-11ea-b2d9-d05349cc2225,suricata
ObjectId(5e86e20b3186f206511414cf),ICMP,ObjectId(5e86e2093186f20651141321),2020-04-03T07:13:13.245Z,23.49.237.145,192.168.3.25,a759e75c-5ba0-11ea-b2d9-d05349cc2225,suricata
ObjectId(5e86e20b3186f206511414ce),ICMP,ObjectId(5e86e2093186f20651141322),2020-04-03T07:13:13.250Z,120.103.78.18,192.168.3.25,a759e75c-5ba0-11ea-b2d9-d05349cc2225,suricata
ObjectId(5e86e20b3186f206511414cb),ICMP,ObjectId(5e86e2093186f20651141325),2020-04-03T07:13:13.267Z,245.163.58.145,192.168.3.25,a759e75c-5ba0-11ea-b2d9-d05349cc2225,suricata
ObjectId(5e86e20b3186f206511414ca),ICMP,ObjectId(5e86e2093186f20651141328),2020-04-03T07:13:13.282Z,123.19.238.119,192.168.3.25,a759e75c-5ba0-11ea-b2d9-d05349cc2225,suricata
ObjectId(5e86e20b3186f206511414c9),ICMP,ObjectId(5e86e2093186f2065114132a),2020-04-03T07:13:13.288Z,202.237.84.31,192.168.3.25,a759e75c-5ba0-11ea-b2d9-d05349cc2225,suricata
ObjectId(5e86e20b3186f206511414c6),ICMP,ObjectId(5e86e2093186f2065114132d),2020-04-03T07:13:13.306Z,103.169.165.140,192.168.3.25,a759e75c-5ba0-11ea-b2d9-d05349cc2225,suricata
ObjectId(5e86e20b3186f206511414c5),ICMP,ObjectId(5e86e2093186f2065114132f),2020-04-03T07:13:13.310Z,131.139.4.79,192.168.3.25,a759e75c-5ba0-11ea-b2d9-d05349cc2225,suricata
ObjectId(5e86e20b3186f206511414c4),ICMP,ObjectId(5e86e2093186f20651141332),2020-04-03T07:13:13.324Z,159.20.34.149,192.168.3.25,a759e75c-5ba0-11ea-b2d9-d05349cc2225,suricata
ObjectId(5e86e20b3186f206511414c1),ICMP,ObjectId(5e86e2093186f20651141334),2020-04-03T07:13:13.337Z,105.213.37.220,192.168.3.25,a759e75c-5ba0-11ea-b2d9-d05349cc2225,suricata
ObjectId(5e86e20b3186f206511414c0),ICMP,ObjectId(5e86e2093186f20651141337),2020-04-03T07:13:13.348Z,110.50.254.42,192.168.3.25,a759e75c-5ba0-11ea-b2d9-d05349cc2225,suricata
ObjectId(5e86e20b3186f206511414bf),ICMP,ObjectId(5e86e2093186f2065114133a),2020-04-03T07:13:13.364Z,111.11.128.233,192.168.3.25,a759e75c-5ba0-11ea-b2d9-d05349cc2225,suricata
ObjectId(5e86e20b3186f206511414bc),ICMP,ObjectId(5e86e2093186f2065114133b),2020-04-03T07:13:13.374Z,139.248.210.144,192.168.3.25,a759e75c-5ba0-11ea-b2d9-d05349cc2225,suricata
ObjectId(5e86e20b3186f206511414bb),ICMP,ObjectId(5e86e2093186f2065114133e),2020-04-03T07:13:13.386Z,221.216.142.199,192.168.3.25,a759e75c-5ba0-11ea-b2d9-d05349cc2225,suricata
ObjectId(5e86e20b3186f206511414ba),ICMP,ObjectId(5e86e2093186f20651141340),2020-04-03T07:13:13.394Z,182.114.216.56,192.168.3.25,a759e75c-5ba0-11ea-b2d9-d05349cc2225,suricata
ObjectId(5e86e20b3186f206511414b7),ICMP,ObjectId(5e86e2093186f20651141343),2020-04-03T07:13:13.404Z,91.104.90.34,192.168.3.25,a759e75c-5ba0-11ea-b2d9-d05349cc2225,suricata
ObjectId(5e86e20b3186f206511414b6),ICMP,ObjectId(5e86e2093186f20651141344),2020-04-03T07:13:13.418Z,56.103.197.186,192.168.3.25,a759e75c-5ba0-11ea-b2d9-d05349cc2225,suricata
ObjectId(5e86e20b3186f206511414b5),ICMP,ObjectId(5e86e2093186f20651141348),2020-04-03T07:13:13.438Z,87.2.120.45,192.168.3.25,a759e75c-5ba0-11ea-b2d9-d05349cc2225,suricata
ObjectId(5e86e20b3186f206511414b2),ICMP,ObjectId(5e86e2093186f20651141349),2020-04-03T07:13:13.446Z,220.107.60.67,192.168.3.25,a759e75c-5ba0-11ea-b2d9-d05349cc2225,suricata
ObjectId(5e86e20b3186f206511414b1),ICMP,ObjectId(5e86e2093186f2065114134c),2020-04-03T07:13:13.471Z,141.65.235.231,192.168.3.25,a759e75c-5ba0-11ea-b2d9-d05349cc2225,suricata
ObjectId(5e86e20b3186f206511414b0),ICMP,ObjectId(5e86e2093186f2065114134f),2020-04-03T07:13:13.487Z,250.86.78.131,192.168.3.25,a759e75c-5ba0-11ea-b2d9-d05349cc2225,suricata
ObjectId(5e86e20b3186f206511414ad),ICMP,ObjectId(5e86e2093186f20651141351),2020-04-03T07:13:13.504Z,113.126.199.136,192.168.3.25,a759e75c-5ba0-11ea-b2d9-d05349cc2225,suricata
ObjectId(5e86e20b3186f206511414ac),ICMP,ObjectId(5e86e2093186f20651141354),2020-04-03T07:13:13.512Z,34.103.225.162,192.168.3.25,a759e75c-5ba0-11ea-b2d9-d05349cc2225,suricata
ObjectId(5e86e20b3186f206511414ab),ICMP,ObjectId(5e86e2093186f20651141356),2020-04-03T07:13:13.521Z,133.224.42.7,192.168.3.25,a759e75c-5ba0-11ea-b2d9-d05349cc2225,suricata
ObjectId(5e86e20b3186f206511414a8),ICMP,ObjectId(5e86e2093186f20651141359),2020-04-03T07:13:13.538Z,12.111.159.43,192.168.3.25,a759e75c-5ba0-11ea-b2d9-d05349cc2225,suricata
ObjectId(5e86e20b3186f206511414a7),ICMP,ObjectId(5e86e2093186f2065114135c),2020-04-03T07:13:13.547Z,112.151.161.250,192.168.3.25,a759e75c-5ba0-11ea-b2d9-d05349cc2225,suricata
ObjectId(5e86e20b3186f206511414a6),ICMP,ObjectId(5e86e2093186f2065114135d),2020-04-03T07:13:13.566Z,215.240.52.71,192.168.3.25,a759e75c-5ba0-11ea-b2d9-d05349cc2225,suricata
ObjectId(5e86e20b3186f206511414a3),ICMP,ObjectId(5e86e2093186f20651141361),2020-04-03T07:13:13.573Z,20.188.255.32,192.168.3.25,a759e75c-5ba0-11ea-b2d9-d05349cc2225,suricata
ObjectId(5e86e20b3186f206511414a2),ICMP,ObjectId(5e86e2093186f20651141362),2020-04-03T07:13:13.578Z,43.208.81.145,192.168.3.25,a759e75c-5ba0-11ea-b2d9-d05349cc2225,suricata
ObjectId(5e86e20b3186f206511414a1),ICMP,ObjectId(5e86e2093186f20651141365),2020-04-03T07:13:13.594Z,62.43.17.233,192.168.3.25,a759e75c-5ba0-11ea-b2d9-d05349cc2225,suricata
ObjectId(5e86e20b3186f2065114149f),ICMP,ObjectId(5e86e2093186f20651141368),2020-04-03T07:13:13.610Z,116.215.96.121,192.168.3.25,a759e75c-5ba0-11ea-b2d9-d05349cc2225,suricata
ObjectId(5e86e20b3186f2065114149c),ICMP,ObjectId(5e86e2093186f2065114136a),2020-04-03T07:13:13.615Z,140.81.80.233,192.168.3.25,a759e75c-5ba0-11ea-b2d9-d05349cc2225,suricata
ObjectId(5e86e20b3186f2065114149a),ICMP,ObjectId(5e86e2093186f2065114136b),2020-04-03T07:13:13.625Z,205.73.255.251,192.168.3.25,a759e75c-5ba0-11ea-b2d9-d05349cc2225,suricata
ObjectId(5e86e20b3186f20651141497),ICMP,ObjectId(5e86e2093186f2065114136d),2020-04-03T07:13:13.633Z,186.203.111.39,192.168.3.25,a759e75c-5ba0-11ea-b2d9-d05349cc2225,suricata
ObjectId(5e86e20b3186f20651141495),ICMP,ObjectId(5e86e2093186f20651141370),2020-04-03T07:13:13.648Z,30.181.42.247,192.168.3.25,a759e75c-5ba0-11ea-b2d9-d05349cc2225,suricata
ObjectId(5e86e20b3186f20651141494),ICMP,ObjectId(5e86e2093186f20651141372),2020-04-03T07:13:13.659Z,161.108.8.37,192.168.3.25,a759e75c-5ba0-11ea-b2d9-d05349cc2225,suricata
ObjectId(5e86e20b3186f20651141491),ICMP,ObjectId(5e86e2093186f20651141375),2020-04-03T07:13:13.671Z,205.109.48.200,192.168.3.25,a759e75c-5ba0-11ea-b2d9-d05349cc2225,suricata
ObjectId(5e86e20b3186f2065114148f),ICMP,ObjectId(5e86e2093186f20651141378),2020-04-03T07:13:13.683Z,39.118.67.178,192.168.3.25,a759e75c-5ba0-11ea-b2d9-d05349cc2225,suricata
ObjectId(5e86e20b3186f2065114148b),ICMP,ObjectId(5e86e2093186f20651141379),2020-04-03T07:13:13.697Z,47.139.128.211,192.168.3.25,a759e75c-5ba0-11ea-b2d9-d05349cc2225,suricata
ObjectId(5e86e20b3186f20651141486),ICMP,ObjectId(5e86e2093186f2065114137c),2020-04-03T07:13:13.705Z,144.132.36.86,192.168.3.25,a759e75c-5ba0-11ea-b2d9-d05349cc2225,suricata
ObjectId(5e86e20b3186f20651141482),ICMP,ObjectId(5e86e2093186f2065114137f),2020-04-03T07:13:13.717Z,218.207.181.29,192.168.3.25,a759e75c-5ba0-11ea-b2d9-d05349cc2225,suricata
ObjectId(5e86e20b3186f2065114147d),ICMP,ObjectId(5e86e2093186f20651141381),2020-04-03T07:13:13.736Z,77.220.41.178,192.168.3.25,a759e75c-5ba0-11ea-b2d9-d05349cc2225,suricata
ObjectId(5e86e20b3186f20651141479),ICMP,ObjectId(5e86e2093186f20651141384),2020-04-03T07:13:13.742Z,38.82.64.28,192.168.3.25,a759e75c-5ba0-11ea-b2d9-d05349cc2225,suricata
ObjectId(5e86e20b3186f20651141474),ICMP,ObjectId(5e86e2093186f20651141386),2020-04-03T07:13:13.754Z,191.52.2.24,192.168.3.25,a759e75c-5ba0-11ea-b2d9-d05349cc2225,suricata
ObjectId(5e86e20b3186f20651141470),ICMP,ObjectId(5e86e2093186f20651141389),2020-04-03T07:13:13.765Z,184.232.200.46,192.168.3.25,a759e75c-5ba0-11ea-b2d9-d05349cc2225,suricata
ObjectId(5e86e20b3186f2065114146b),ICMP,ObjectId(5e86e2093186f2065114138b),2020-04-03T07:13:13.777Z,70.169.171.120,192.168.3.25,a759e75c-5ba0-11ea-b2d9-d05349cc2225,suricata
ObjectId(5e86e20b3186f20651141467),ICMP,ObjectId(5e86e2093186f2065114138e),2020-04-03T07:13:13.786Z,69.211.142.44,192.168.3.25,a759e75c-5ba0-11ea-b2d9-d05349cc2225,suricata
ObjectId(5e86e20b3186f20651141462),ICMP,ObjectId(5e86e2093186f20651141391),2020-04-03T07:13:13.803Z,65.160.173.147,192.168.3.25,a759e75c-5ba0-11ea-b2d9-d05349cc2225,suricata
ObjectId(5e86e20b3186f2065114145e),ICMP,ObjectId(5e86e2093186f20651141392),2020-04-03T07:13:13.811Z,188.21.45.52,192.168.3.25,a759e75c-5ba0-11ea-b2d9-d05349cc2225,suricata
ObjectId(5e86e20a3186f20651141459),ICMP,ObjectId(5e86e2093186f20651141395),2020-04-03T07:13:13.824Z,193.114.255.155,192.168.3.25,a759e75c-5ba0-11ea-b2d9-d05349cc2225,suricata
ObjectId(5e86e20a3186f20651141455),ICMP,ObjectId(5e86e2093186f20651141398),2020-04-03T07:13:13.833Z,26.73.206.151,192.168.3.25,a759e75c-5ba0-11ea-b2d9-d05349cc2225,suricata
ObjectId(5e86e20a3186f20651141450),ICMP,ObjectId(5e86e2093186f2065114139a),2020-04-03T07:13:13.846Z,221.31.202.216,192.168.3.25,a759e75c-5ba0-11ea-b2d9-d05349cc2225,suricata
ObjectId(5e86e20a3186f2065114144b),ICMP,ObjectId(5e86e2093186f2065114139d),2020-04-03T07:13:13.860Z,156.133.233.93,192.168.3.25,a759e75c-5ba0-11ea-b2d9-d05349cc2225,suricata
ObjectId(5e86e20a3186f20651141449),ICMP,ObjectId(5e86e2093186f2065114139f),2020-04-03T07:13:13.874Z,59.176.88.137,192.168.3.25,a759e75c-5ba0-11ea-b2d9-d05349cc2225,suricata
ObjectId(5e86e20a3186f20651141446),ICMP,ObjectId(5e86e2093186f206511413a2),2020-04-03T07:13:13.885Z,72.114.68.124,192.168.3.25,a759e75c-5ba0-11ea-b2d9-d05349cc2225,suricata
ObjectId(5e86e20a3186f20651141442),ICMP,ObjectId(5e86e2093186f206511413a3),2020-04-03T07:13:13.900Z,183.227.16.61,192.168.3.25,a759e75c-5ba0-11ea-b2d9-d05349cc2225,suricata
ObjectId(5e86e20a3186f2065114143f),ICMP,ObjectId(5e86e2093186f206511413a6),2020-04-03T07:13:13.916Z,188.228.24.89,192.168.3.25,a759e75c-5ba0-11ea-b2d9-d05349cc2225,suricata
ObjectId(5e86e20a3186f2065114143c),ICMP,ObjectId(5e86e2093186f206511413a9),2020-04-03T07:13:13.933Z,248.190.158.12,192.168.3.25,a759e75c-5ba0-11ea-b2d9-d05349cc2225,suricata
ObjectId(5e86e20a3186f20651141439),ICMP,ObjectId(5e86e2093186f206511413ac),2020-04-03T07:13:13.976Z,31.102.18.85,192.168.3.25,a759e75c-5ba0-11ea-b2d9-d05349cc2225,suricata
ObjectId(5e86e20a3186f20651141434),ICMP,ObjectId(5e86e20a3186f206511413ad),2020-04-03T07:13:14.010Z,205.127.5.250,192.168.3.25,a759e75c-5ba0-11ea-b2d9-d05349cc2225,suricata
ObjectId(5e86e20a3186f20651141430),ICMP,ObjectId(5e86e20a3186f206511413b1),2020-04-03T07:13:14.037Z,93.200.158.244,192.168.3.25,a759e75c-5ba0-11ea-b2d9-d05349cc2225,suricata
ObjectId(5e86e20a3186f2065114142b),ICMP,ObjectId(5e86e20a3186f206511413b4),2020-04-03T07:13:14.058Z,144.99.146.147,192.168.3.25,a759e75c-5ba0-11ea-b2d9-d05349cc2225,suricata
ObjectId(5e86e20a3186f20651141427),ICMP,ObjectId(5e86e20a3186f206511413b6),2020-04-03T07:13:14.064Z,83.68.137.157,192.168.3.25,a759e75c-5ba0-11ea-b2d9-d05349cc2225,suricata
ObjectId(5e86e20a3186f20651141424),ICMP,ObjectId(5e86e20a3186f206511413b9),2020-04-03T07:13:14.099Z,239.18.118.174,192.168.3.25,a759e75c-5ba0-11ea-b2d9-d05349cc2225,suricata
ObjectId(5e86e20a3186f20651141422),ICMP,ObjectId(5e86e20a3186f206511413bb),2020-04-03T07:13:14.117Z,249.238.4.89,192.168.3.25,a759e75c-5ba0-11ea-b2d9-d05349cc2225,suricata
ObjectId(5e86e20a3186f2065114141e),ICMP,ObjectId(5e86e20a3186f206511413be),2020-04-03T07:13:14.123Z,31.175.117.107,192.168.3.25,a759e75c-5ba0-11ea-b2d9-d05349cc2225,suricata
ObjectId(5e86e20a3186f2065114141a),ICMP,ObjectId(5e86e20a3186f206511413bf),2020-04-03T07:13:14.151Z,227.113.94.30,192.168.3.25,a759e75c-5ba0-11ea-b2d9-d05349cc2225,suricata
ObjectId(5e86e20a3186f20651141418),ICMP,ObjectId(5e86e20a3186f206511413c2),2020-04-03T07:13:14.169Z,174.79.167.68,192.168.3.25,a759e75c-5ba0-11ea-b2d9-d05349cc2225,suricata
ObjectId(5e86e20a3186f206511413d8),ICMP,ObjectId(5e86e20a3186f206511413c5),2020-04-03T07:13:14.191Z,80.177.190.121,192.168.3.25,a759e75c-5ba0-11ea-b2d9-d05349cc2225,suricata
ObjectId(5e86e20a3186f206511413d7),ICMP,ObjectId(5e86e20a3186f206511413c6),2020-04-03T07:13:14.203Z,200.118.65.125,192.168.3.25,a759e75c-5ba0-11ea-b2d9-d05349cc2225,suricata
ObjectId(5e86e20a3186f206511413d4),ICMP,ObjectId(5e86e20a3186f206511413c9),2020-04-03T07:13:14.221Z,131.34.138.204,192.168.3.25,a759e75c-5ba0-11ea-b2d9-d05349cc2225,suricata
ObjectId(5e86e2103186f20651141880),ICMP,ObjectId(5e86e20d3186f206511416db),2020-04-03T07:13:17.655Z,185.33.210.135,192.168.3.25,a759e75c-5ba0-11ea-b2d9-d05349cc2225,suricata
ObjectId(5e86e2103186f2065114187d),ICMP,ObjectId(5e86e20d3186f206511416dd),2020-04-03T07:13:17.663Z,47.126.238.157,192.168.3.25,a759e75c-5ba0-11ea-b2d9-d05349cc2225,suricata
